{"stats":{"minecraft:killed":{"minecraft:pig":2},"minecraft:mined":{"minecraft:grass":3,"minecraft:grass_block":2,"minecraft:birch_leaves":2,"minecraft:oak_leaves":14},"minecraft:used":{"minecraft:porkchop":3},"minecraft:picked_up":{"minecraft:stick":1,"minecraft:porkchop":4,"minecraft:oak_sapling":1,"minecraft:dirt":2},"minecraft:custom":{"minecraft:time_since_rest":13221,"minecraft:crouch_one_cm":196,"minecraft:sprint_one_cm":45419,"minecraft:play_time":13221,"minecraft:damage_taken":170,"minecraft:walk_one_cm":22714,"minecraft:sneak_time":30,"minecraft:mob_kills":2,"minecraft:jump":378,"minecraft:damage_dealt":210,"minecraft:leave_game":2,"minecraft:time_since_death":13221,"minecraft:total_world_time":13221,"minecraft:fall_one_cm":11401,"minecraft:fly_one_cm":44551}},"DataVersion":3465}